"Date","Rainfall"
"2000-01-01",0
"2000-01-02",0
"2000-01-03",0
"2000-01-04",0
"2000-01-05",0.305823221802711
"2000-01-06",0
"2000-01-07",0
"2000-01-08",0
"2000-01-09",0
"2000-01-10",0
"2000-01-11",0
"2000-01-12",0
"2000-01-13",0
"2000-01-14",0
"2000-01-15",0
"2000-01-16",0
"2000-01-17",0
"2000-01-18",0
"2000-01-19",0
"2000-01-20",0
"2000-01-21",0
"2000-01-22",0
"2000-01-23",0
"2000-01-24",0
"2000-01-25",0.18863083422184
"2000-01-26",0
"2000-01-27",0
"2000-01-28",0
"2000-01-29",0
"2000-01-30",0
"2000-01-31",3.6600729227066
"2000-02-01",0
"2000-02-02",0
"2000-02-03",0
"2000-02-04",0
"2000-02-05",0
"2000-02-06",0
"2000-02-07",0
"2000-02-08",0
"2000-02-09",0
"2000-02-10",0
"2000-02-11",0.984359920024872
"2000-02-12",0
"2000-02-13",0
"2000-02-14",0
"2000-02-15",0
"2000-02-16",0
"2000-02-17",0
"2000-02-18",0
"2000-02-19",0
"2000-02-20",0
"2000-02-21",4.24270391464233
"2000-02-22",0
"2000-02-23",0
"2000-02-24",0
"2000-02-25",4.24270391464233
"2000-02-26",0
"2000-02-27",0
"2000-02-28",0
"2000-02-29",0
"2000-03-01",0
"2000-03-02",0
"2000-03-03",0
"2000-03-04",0
"2000-03-05",0
"2000-03-06",0
"2000-03-07",0
"2000-03-08",0
"2000-03-09",0
"2000-03-10",0
"2000-03-11",0
"2000-03-12",0
"2000-03-13",0
"2000-03-14",0
"2000-03-15",0
"2000-03-16",0
"2000-03-17",0
"2000-03-18",0
"2000-03-19",0
"2000-03-20",0
"2000-03-21",0
"2000-03-22",0
"2000-03-23",0
"2000-03-24",0
"2000-03-25",0
"2000-03-26",0
"2000-03-27",0
"2000-03-28",0
"2000-03-29",0
"2000-03-30",0
"2000-03-31",0
"2000-04-01",0
"2000-04-02",0
"2000-04-03",0
"2000-04-04",0
"2000-04-05",0
"2000-04-06",0
"2000-04-07",0
"2000-04-08",0
"2000-04-09",0
"2000-04-10",0
"2000-04-11",0
"2000-04-12",0
"2000-04-13",8.29303097724915
"2000-04-14",0
"2000-04-15",6.03099036216736
"2000-04-16",0
"2000-04-17",0
"2000-04-18",0
"2000-04-19",0
"2000-04-20",0
"2000-04-21",0
"2000-04-22",0
"2000-04-23",0
"2000-04-24",0
"2000-04-25",0
"2000-04-26",0
"2000-04-27",0
"2000-04-28",0
"2000-04-29",0
"2000-04-30",0
"2000-05-01",0
"2000-05-02",1.84895569086075
"2000-05-03",0.36795836687088
"2000-05-04",0
"2000-05-05",2.21039825677872
"2000-05-06",0
"2000-05-07",7.71325051784515
"2000-05-08",0
"2000-05-09",0
"2000-05-10",0
"2000-05-11",3.56026422977448
"2000-05-12",0
"2000-05-13",0
"2000-05-14",0
"2000-05-15",0
"2000-05-16",0
"2000-05-17",0
"2000-05-18",0
"2000-05-19",0
"2000-05-20",0
"2000-05-21",6.43117928504944
"2000-05-22",6.43117928504944
"2000-05-23",6.43117928504944
"2000-05-24",0
"2000-05-25",0
"2000-05-26",0
"2000-05-27",3.65302532911301
"2000-05-28",1.8265126645565
"2000-05-29",3.65302532911301
"2000-05-30",1.8265126645565
"2000-05-31",5.47953796386719
"2000-06-01",3.62390112876892
"2000-06-02",3.62390112876892
"2000-06-03",10.8717029094696
"2000-06-04",7.24780225753784
"2000-06-05",24.8496079444885
"2000-06-06",13.9164221286774
"2000-06-07",0
"2000-06-08",0
"2000-06-09",0
"2000-06-10",27.8328442573547
"2000-06-11",48.149263381958
"2000-06-12",5.57941389083862
"2000-06-13",2.9229189157486
"2000-06-14",12.0373158454895
"2000-06-15",0
"2000-06-16",0
"2000-06-17",32.2592601776123
"2000-06-18",2.13355207443237
"2000-06-19",0
"2000-06-20",0
"2000-06-21",23.0586333274841
"2000-06-22",0
"2000-06-23",0
"2000-06-24",4.88577055931091
"2000-06-25",4.88577055931091
"2000-06-26",33.8102517127991
"2000-06-27",41.1297397613525
"2000-06-28",17.0015060901642
"2000-06-29",0
"2000-06-30",3.36699795722961
"2000-07-01",11.7249753475189
"2000-07-02",13.9108309745789
"2000-07-03",0
"2000-07-04",0
"2000-07-05",11.7249753475189
"2000-07-06",6.4681236743927
"2000-07-07",25.8724946975708
"2000-07-08",6.4681236743927
"2000-07-09",27.433874130249
"2000-07-10",29.1728005409241
"2000-07-11",30.645245552063
"2000-07-12",4.18074107170105
"2000-07-13",0
"2000-07-14",5.5776150226593
"2000-07-15",5.5776150226593
"2000-07-16",21.3539118766785
"2000-07-17",32.0308680534363
"2000-07-18",0
"2000-07-19",0
"2000-07-20",0
"2000-07-21",4.42231643199921
"2000-07-22",5.95770478248596
"2000-07-23",4.22346329689026
"2000-07-24",11.9154095649719
"2000-07-25",8.69444823265076
"2000-07-26",14.3177092075348
"2000-07-27",0
"2000-07-28",0
"2000-07-29",0
"2000-07-30",19.3145799636841
"2000-07-31",9.65728998184204
"2000-08-01",4.91408956050873
"2000-08-02",7.09113943576813
"2000-08-03",0
"2000-08-04",3.24515420198441
"2000-08-05",3.24515420198441
"2000-08-06",16.3433072566986
"2000-08-07",8.1716536283493
"2000-08-08",0
"2000-08-09",11.7272410392761
"2000-08-10",8.1716536283493
"2000-08-11",0
"2000-08-12",0
"2000-08-13",30.0694208145142
"2000-08-14",42.8168697357178
"2000-08-15",10.0231401920319
"2000-08-16",0
"2000-08-17",25.8596277236938
"2000-08-18",31.8441209793091
"2000-08-19",0
"2000-08-20",0
"2000-08-21",21.0317621231079
"2000-08-22",18.4027915000916
"2000-08-23",0
"2000-08-24",42.0635242462158
"2000-08-25",23.3055872917175
"2000-08-26",10.0831525325775
"2000-08-27",3.36955261230469
"2000-08-28",29.650119304657
"2000-08-29",54.5583305358887
"2000-08-30",2.89081931114197
"2000-08-31",0
"2000-09-01",6.58301424980164
"2000-09-02",0
"2000-09-03",0
"2000-09-04",0
"2000-09-05",1.29926860332489
"2000-09-06",6.81135988235474
"2000-09-07",0
"2000-09-08",3.40567994117737
"2000-09-09",16.2510163784027
"2000-09-10",2.97996973991394
"2000-09-11",0
"2000-09-12",0
"2000-09-13",0
"2000-09-14",0
"2000-09-15",11.6901302337646
"2000-09-16",11.8132722377777
"2000-09-17",2.20288467407227
"2000-09-18",37.7797574996948
"2000-09-19",0
"2000-09-20",20.673225402832
"2000-09-21",0
"2000-09-22",0
"2000-09-23",7.11098873615265
"2000-09-24",14.2219774723053
"2000-09-25",0
"2000-09-26",9.70400893688202
"2000-09-27",6.99640476703644
"2000-09-28",5.54514849185944
"2000-09-29",0.994989931583405
"2000-09-30",0
"2000-10-01",1.77714484930038
"2000-10-02",0
"2000-10-03",0
"2000-10-04",4.06445699930191
"2000-10-05",3.01910299062729
"2000-10-06",8.79546046257019
"2000-10-07",3.42304837703705
"2000-10-08",0
"2000-10-09",4.3977302312851
"2000-10-10",8.79546046257019
"2000-10-11",0
"2000-10-12",16.616644859314
"2000-10-13",0
"2000-10-14",0
"2000-10-15",0
"2000-10-16",25.483672618866
"2000-10-17",11.9601237773895
"2000-10-18",8.49455738067627
"2000-10-19",0
"2000-10-20",0
"2000-10-21",0
"2000-10-22",0
"2000-10-23",0
"2000-10-24",0
"2000-10-25",0
"2000-10-26",0
"2000-10-27",0
"2000-10-28",0
"2000-10-29",0
"2000-10-30",0
"2000-10-31",0
"2000-11-01",0
"2000-11-02",0
"2000-11-03",6.09734749794006
"2000-11-04",1.34348329901695
"2000-11-05",0
"2000-11-06",0
"2000-11-07",0
"2000-11-08",0
"2000-11-09",0
"2000-11-10",0
"2000-11-11",0
"2000-11-12",0
"2000-11-13",0
"2000-11-14",0
"2000-11-15",0
"2000-11-16",0
"2000-11-17",0
"2000-11-18",0
"2000-11-19",0
"2000-11-20",0
"2000-11-21",0
"2000-11-22",0
"2000-11-23",0
"2000-11-24",0
"2000-11-25",0
"2000-11-26",0
"2000-11-27",0
"2000-11-28",6.98907399177551
"2000-11-29",0
"2000-11-30",0
"2000-12-01",0
"2000-12-02",0
"2000-12-03",0
"2000-12-04",0
"2000-12-05",0
"2000-12-06",0
"2000-12-07",0
"2000-12-08",0
"2000-12-09",0
"2000-12-10",0
"2000-12-11",0
"2000-12-12",0
"2000-12-13",0
"2000-12-14",0
"2000-12-15",0
"2000-12-16",0
"2000-12-17",0
"2000-12-18",0
"2000-12-19",0
"2000-12-20",0
"2000-12-21",0
"2000-12-22",0
"2000-12-23",0
"2000-12-24",0
"2000-12-25",0
"2000-12-26",0
"2000-12-27",0
"2000-12-28",0
"2000-12-29",0
"2000-12-30",0
"2000-12-31",0
"2001-01-01",0
"2001-01-02",0
"2001-01-03",0
"2001-01-04",0
"2001-01-05",0
"2001-01-06",0
"2001-01-07",0
"2001-01-08",0
"2001-01-09",0
"2001-01-10",0
"2001-01-11",0
"2001-01-12",0
"2001-01-13",0
"2001-01-14",0
"2001-01-15",0
"2001-01-16",0
"2001-01-17",0
"2001-01-18",0
"2001-01-19",0
"2001-01-20",0
"2001-01-21",0
"2001-01-22",0
"2001-01-23",0
"2001-01-24",0
"2001-01-25",0
"2001-01-26",0
"2001-01-27",1.53365811705589
"2001-01-28",0
"2001-01-29",3.06731623411179
"2001-01-30",0
"2001-01-31",0
"2001-02-01",0
"2001-02-02",0
"2001-02-03",0
"2001-02-04",0
"2001-02-05",0
"2001-02-06",0
"2001-02-07",0
"2001-02-08",0
"2001-02-09",0
"2001-02-10",0
"2001-02-11",0
"2001-02-12",0
"2001-02-13",0
"2001-02-14",4.9973087310791
"2001-02-15",0
"2001-02-16",0
"2001-02-17",0
"2001-02-18",0
"2001-02-19",0
"2001-02-20",0
"2001-02-21",0
"2001-02-22",0
"2001-02-23",0
"2001-02-24",0
"2001-02-25",1.08036014437675
"2001-02-26",0
"2001-02-27",0
"2001-02-28",0
"2001-03-01",0
"2001-03-02",0
"2001-03-03",0
"2001-03-04",0
"2001-03-05",0
"2001-03-06",0
"2001-03-07",0
"2001-03-08",0
"2001-03-09",0
"2001-03-10",0
"2001-03-11",0
"2001-03-12",0
"2001-03-13",0
"2001-03-14",0
"2001-03-15",0
"2001-03-16",0
"2001-03-17",0
"2001-03-18",0
"2001-03-19",0
"2001-03-20",0
"2001-03-21",0
"2001-03-22",0
"2001-03-23",0
"2001-03-24",0
"2001-03-25",0
"2001-03-26",0
"2001-03-27",0
"2001-03-28",0
"2001-03-29",0
"2001-03-30",11.9084715843201
"2001-03-31",0
"2001-04-01",3.23698806762695
"2001-04-02",0
"2001-04-03",0
"2001-04-04",0
"2001-04-05",0
"2001-04-06",0
"2001-04-07",0
"2001-04-08",0
"2001-04-09",0
"2001-04-10",5.46827507019043
"2001-04-11",0.647936820983887
"2001-04-12",0
"2001-04-13",0
"2001-04-14",0
"2001-04-15",0
"2001-04-16",0
"2001-04-17",4.48713135719299
"2001-04-18",0
"2001-04-19",7.85247957706451
"2001-04-20",0
"2001-04-21",3.46557724475861
"2001-04-22",0
"2001-04-23",0
"2001-04-24",0
"2001-04-25",0
"2001-04-26",0
"2001-04-27",0
"2001-04-28",0
"2001-04-29",0
"2001-04-30",0
"2001-05-01",1.63646638393402
"2001-05-02",0
"2001-05-03",4.97184896469116
"2001-05-04",0
"2001-05-05",0
"2001-05-06",3.69494897127151
"2001-05-07",0
"2001-05-08",0
"2001-05-09",0
"2001-05-10",0
"2001-05-11",0
"2001-05-12",0
"2001-05-13",6.71808230876923
"2001-05-14",0
"2001-05-15",0
"2001-05-16",3.14816170930862
"2001-05-17",3.14816170930862
"2001-05-18",1.22914999723434
"2001-05-19",0
"2001-05-20",0
"2001-05-21",0
"2001-05-22",0
"2001-05-23",0
"2001-05-24",0
"2001-05-25",0
"2001-05-26",0
"2001-05-27",6.32268142700195
"2001-05-28",9.15270292758942
"2001-05-29",0
"2001-05-30",0
"2001-05-31",6.32268142700195
"2001-06-01",5.89503455162048
"2001-06-02",15.4378426074982
"2001-06-03",7.86004614830017
"2001-06-04",5.89503455162048
"2001-06-05",2.94751727581024
"2001-06-06",6.22141301631927
"2001-06-07",10.8634068965912
"2001-06-08",12.4428260326385
"2001-06-09",7.78352868556976
"2001-06-10",6.22141301631927
"2001-06-11",12.4710688591003
"2001-06-12",30.7327537536621
"2001-06-13",26.342360496521
"2001-06-14",6.68625438213348
"2001-06-15",0
"2001-06-16",0
"2001-06-17",0
"2001-06-18",0
"2001-06-19",5.04947626590729
"2001-06-20",5.04947626590729
"2001-06-21",1.20404505729675
"2001-06-22",0
"2001-06-23",3.24731695652008
"2001-06-24",1.35118794441223
"2001-06-25",0
"2001-06-26",8.49885129928589
"2001-06-27",4.24942564964294
"2001-06-28",7.33440494537354
"2001-06-29",12.7482771873474
"2001-06-30",4.24942564964294
"2001-07-01",0
"2001-07-02",6.52717852592468
"2001-07-03",3.26358926296234
"2001-07-04",6.40573191642761
"2001-07-05",8.7650591135025
"2001-07-06",40.8086967468262
"2001-07-07",40.8086967468262
"2001-07-08",48.9704370498657
"2001-07-09",8.16173934936523
"2001-07-10",0
"2001-07-11",19.6116108894348
"2001-07-12",0
"2001-07-13",0
"2001-07-14",0
"2001-07-15",9.80580544471741
"2001-07-16",38.9605894088745
"2001-07-17",5.84408855438232
"2001-07-18",2.73617720603943
"2001-07-19",6.67895901203156
"2001-07-20",0
"2001-07-21",6.86240494251251
"2001-07-22",19.3166565895081
"2001-07-23",3.63115966320038
"2001-07-24",4.86916923522949
"2001-07-25",20.5872135162354
"2001-07-26",13.3581697940826
"2001-07-27",8.40474534034729
"2001-07-28",0
"2001-07-29",18.3115937709808
"2001-07-30",6.67908489704132
"2001-07-31",6.67908489704132
"2001-08-01",19.9902048110962
"2001-08-02",29.9853072166443
"2001-08-03",29.4092321395874
"2001-08-04",12.0476093292236
"2001-08-05",9.9951024055481
"2001-08-06",22.6714477539062
"2001-08-07",22.6714477539062
"2001-08-08",10.137109041214
"2001-08-09",27.4829626083374
"2001-08-10",0
"2001-08-11",15.6509532928467
"2001-08-12",9.1394157409668
"2001-08-13",22.8339991569519
"2001-08-14",0
"2001-08-15",0
"2001-08-16",8.55555474758148
"2001-08-17",8.55555474758148
"2001-08-18",8.55555474758148
"2001-08-19",26.6794848442078
"2001-08-20",0
"2001-08-21",0
"2001-08-22",0
"2001-08-23",0
"2001-08-24",0
"2001-08-25",35.9918832778931
"2001-08-26",8.22264730930328
"2001-08-27",1.70290291309357
"2001-08-28",0
"2001-08-29",0
"2001-08-30",8.22264730930328
"2001-08-31",0
"2001-09-01",0
"2001-09-02",0
"2001-09-03",4.46359431743622
"2001-09-04",13.3907835483551
"2001-09-05",4.46359431743622
"2001-09-06",6.47826933860779
"2001-09-07",11.8359186649323
"2001-09-08",0
"2001-09-09",7.27154636383057
"2001-09-10",10.3564281463623
"2001-09-11",11.5870127677917
"2001-09-12",2.89675319194794
"2001-09-13",0
"2001-09-14",7.96048259735107
"2001-09-15",7.91778099536896
"2001-09-16",3.72384339570999
"2001-09-17",11.1715297698975
"2001-09-18",0
"2001-09-19",0
"2001-09-20",8.51164197921753
"2001-09-21",0
"2001-09-22",0
"2001-09-23",6.96912550926208
"2001-09-24",6.96912550926208
"2001-09-25",6.96912550926208
"2001-09-26",14.4853503704071
"2001-09-27",0
"2001-09-28",10.6048300266266
"2001-09-29",16.5546867847443
"2001-09-30",8.27734339237213
"2001-10-01",0
"2001-10-02",6.81713485717773
"2001-10-03",9.46546947956085
"2001-10-04",5.53393280506134
"2001-10-05",7.13632893562317
"2001-10-06",15.8117802143097
"2001-10-07",7.3647643327713
"2001-10-08",3.27273845672607
"2001-10-09",8.41687393188477
"2001-10-10",12.9092650413513
"2001-10-11",5.1708961725235
"2001-10-12",10.0595014095306
"2001-10-13",5.82232308387756
"2001-10-14",1.06985878944397
"2001-10-15",3.22674465179443
"2001-10-16",7.94069564342499
"2001-10-17",0
"2001-10-18",0
"2001-10-19",1.94832640886307
"2001-10-20",0
"2001-10-21",0
"2001-10-22",0
"2001-10-23",0
"2001-10-24",0
"2001-10-25",0
"2001-10-26",0
"2001-10-27",0
"2001-10-28",0
"2001-10-29",0
"2001-10-30",0
"2001-10-31",0
"2001-11-01",0
"2001-11-02",0
"2001-11-03",0
"2001-11-04",0
"2001-11-05",0
"2001-11-06",5.98959863185883
"2001-11-07",0
"2001-11-08",0
"2001-11-09",0
"2001-11-10",35.9375915527344
"2001-11-11",37.753625869751
"2001-11-12",0
"2001-11-13",0
"2001-11-14",0
"2001-11-15",8.62940073013306
"2001-11-16",0
"2001-11-17",0
"2001-11-18",0
"2001-11-19",0
"2001-11-20",0
"2001-11-21",0
"2001-11-22",0
"2001-11-23",0
"2001-11-24",0
"2001-11-25",0
"2001-11-26",0
"2001-11-27",0
"2001-11-28",0
"2001-11-29",0
"2001-11-30",0
"2001-12-01",0
"2001-12-02",0
"2001-12-03",0
"2001-12-04",0
"2001-12-05",0
"2001-12-06",0
"2001-12-07",0
"2001-12-08",0
"2001-12-09",0
"2001-12-10",0
"2001-12-11",0
"2001-12-12",0
"2001-12-13",0
"2001-12-14",0
"2001-12-15",0
"2001-12-16",0
"2001-12-17",0
"2001-12-18",0
"2001-12-19",0
"2001-12-20",2.71894562244415
"2001-12-21",0.222453698515892
"2001-12-22",0
"2001-12-23",0
"2001-12-24",0
"2001-12-25",0
"2001-12-26",0
"2001-12-27",0
"2001-12-28",0
"2001-12-29",0
"2001-12-30",0
"2001-12-31",0
"2002-01-01",0
"2002-01-02",0
"2002-01-03",0
"2002-01-04",0
"2002-01-05",0
"2002-01-06",0
"2002-01-07",6.63615000247955
"2002-01-08",0
"2002-01-09",0
"2002-01-10",0
"2002-01-11",0
"2002-01-12",0
"2002-01-13",0
"2002-01-14",0
"2002-01-15",0
"2002-01-16",0
"2002-01-17",0
"2002-01-18",0
"2002-01-19",0
"2002-01-20",0
"2002-01-21",0
"2002-01-22",0
"2002-01-23",0
"2002-01-24",0
"2002-01-25",0
"2002-01-26",0
"2002-01-27",0
"2002-01-28",6.43678915500641
"2002-01-29",1.7963131070137
"2002-01-30",0
"2002-01-31",0
"2002-02-01",0
"2002-02-02",0
"2002-02-03",0
"2002-02-04",0
"2002-02-05",0
"2002-02-06",0
"2002-02-07",0
"2002-02-08",0
"2002-02-09",0
"2002-02-10",0
"2002-02-11",0
"2002-02-12",0
"2002-02-13",0
"2002-02-14",0
"2002-02-15",0
"2002-02-16",0
"2002-02-17",0
"2002-02-18",0
"2002-02-19",0
"2002-02-20",0
"2002-02-21",0
"2002-02-22",0
"2002-02-23",0
"2002-02-24",2.32253950834274
"2002-02-25",2.32253950834274
"2002-02-26",0
"2002-02-27",0
"2002-02-28",0
"2002-03-01",0
"2002-03-02",0
"2002-03-03",0
"2002-03-04",0
"2002-03-05",0
"2002-03-06",0
"2002-03-07",0
"2002-03-08",0
"2002-03-09",0
"2002-03-10",0
"2002-03-11",0
"2002-03-12",0
"2002-03-13",0
"2002-03-14",0
"2002-03-15",0
"2002-03-16",0
"2002-03-17",0
"2002-03-18",0
"2002-03-19",0
"2002-03-20",0
"2002-03-21",0
"2002-03-22",0
"2002-03-23",0
"2002-03-24",0
"2002-03-25",0
"2002-03-26",2.46127152442932
"2002-03-27",0
"2002-03-28",0
"2002-03-29",2.15361249446869
"2002-03-30",0
"2002-03-31",0
"2002-04-01",0
"2002-04-02",0
"2002-04-03",0
"2002-04-04",2.57213115692139
"2002-04-05",0
"2002-04-06",0
"2002-04-07",0
"2002-04-08",0
"2002-04-09",0
"2002-04-10",0
"2002-04-11",0
"2002-04-12",7.71624660491943
"2002-04-13",7.71624660491943
"2002-04-14",0
"2002-04-15",0
"2002-04-16",0
"2002-04-17",0
"2002-04-18",0
"2002-04-19",0
"2002-04-20",0
"2002-04-21",0
"2002-04-22",0
"2002-04-23",0
"2002-04-24",0
"2002-04-25",0
"2002-04-26",0
"2002-04-27",0
"2002-04-28",0
"2002-04-29",0
"2002-04-30",0
"2002-05-01",0
"2002-05-02",0
"2002-05-03",0
"2002-05-04",0
"2002-05-05",0
"2002-05-06",0
"2002-05-07",0
"2002-05-08",3.58089596033096
"2002-05-09",0
"2002-05-10",0
"2002-05-11",0
"2002-05-12",0
"2002-05-13",0
"2002-05-14",3.20519959926605
"2002-05-15",1.60259979963303
"2002-05-16",3.73750323057175
"2002-05-17",11.2125098705292
"2002-05-18",0
"2002-05-19",0
"2002-05-20",0
"2002-05-21",0
"2002-05-22",0
"2002-05-23",0
"2002-05-24",0
"2002-05-25",0.685298085212708
"2002-05-26",4.69128859043121
"2002-05-27",4.69128859043121
"2002-05-28",0
"2002-05-29",0
"2002-05-30",4.10487747192383
"2002-05-31",0
"2002-06-01",3.19876915216446
"2002-06-02",5.33510529994965
"2002-06-03",5.77129274606705
"2002-06-04",4.65902066230774
"2002-06-05",5.33510529994965
"2002-06-06",13.936137676239
"2002-06-07",0
"2002-06-08",13.936137676239
"2002-06-09",1.08440327644348
"2002-06-10",18.581515789032
"2002-06-11",9.04492270946503
"2002-06-12",11.1934663057327
"2002-06-13",5.34321558475494
"2002-06-14",0
"2002-06-15",5.34321558475494
"2002-06-16",8.69974970817566
"2002-06-17",2.17493742704391
"2002-06-18",4.34987485408783
"2002-06-19",8.69974970817566
"2002-06-20",15.2245626449585
"2002-06-21",19.3235516548157
"2002-06-22",15.6090176105499
"2002-06-23",13.6578907966614
"2002-06-24",0
"2002-06-25",0
"2002-06-26",0
"2002-06-27",0
"2002-06-28",0
"2002-06-29",1.45129409432411
"2002-06-30",0.873055845499039
"2002-07-01",3.42706322669983
"2002-07-02",6.45798695087433
"2002-07-03",0
"2002-07-04",0
"2002-07-05",0
"2002-07-06",0
"2002-07-07",0
"2002-07-08",0
"2002-07-09",0
"2002-07-10",2.97229343652725
"2002-07-11",3.6516147851944
"2002-07-12",4.90938150882721
"2002-07-13",0
"2002-07-14",6.09114849567413
"2002-07-15",19.6375260353088
"2002-07-16",27.2297549247742
"2002-07-17",36.3063383102417
"2002-07-18",2.05398750305176
"2002-07-19",0
"2002-07-20",9.07658457756042
"2002-07-21",14.7314499616623
"2002-07-22",3.6804678440094
"2002-07-23",16.3416545391083
"2002-07-24",1.61020457744598
"2002-07-25",0
"2002-07-26",0
"2002-07-27",0
"2002-07-28",4.48601019382477
"2002-07-29",26.9160614013672
"2002-07-30",14.5049231052399
"2002-07-31",22.4300518035889
"2002-08-01",7.19862616062164
"2002-08-02",25.0760164260864
"2002-08-03",23.0976505279541
"2002-08-04",7.19862616062164
"2002-08-05",14.0600094795227
"2002-08-06",19.804976940155
"2002-08-07",8.45091390609741
"2002-08-08",39.6099538803101
"2002-08-09",0
"2002-08-10",0
"2002-08-11",10.9572446346283
"2002-08-12",21.9144892692566
"2002-08-13",0
"2002-08-14",0
"2002-08-15",5.21201848983765
"2002-08-16",0
"2002-08-17",0
"2002-08-18",0
"2002-08-19",0
"2002-08-20",0
"2002-08-21",9.14349365234375
"2002-08-22",52.2485361099243
"2002-08-23",24.9471030235291
"2002-08-24",0
"2002-08-25",0
"2002-08-26",0
"2002-08-27",22.4908905029297
"2002-08-28",11.2454452514648
"2002-08-29",33.7363352775574
"2002-08-30",12.8519384860992
"2002-08-31",25.0436305999756
"2002-09-01",0
"2002-09-02",0
"2002-09-03",4.11748814582825
"2002-09-04",17.4109578132629
"2002-09-05",17.4109578132629
"2002-09-06",12.780510187149
"2002-09-07",0
"2002-09-08",0
"2002-09-09",0
"2002-09-10",0
"2002-09-11",0
"2002-09-12",0
"2002-09-13",0
"2002-09-14",8.3505687713623
"2002-09-15",8.3505687713623
"2002-09-16",0
"2002-09-17",0
"2002-09-18",3.34683519601822
"2002-09-19",2.02836012840271
"2002-09-20",1.17446655035019
"2002-09-21",0
"2002-09-22",5.69461929798126
"2002-09-23",0
"2002-09-24",2.84730964899063
"2002-09-25",7.47418761253357
"2002-09-26",0
"2002-09-27",7.61549592018127
"2002-09-28",0
"2002-09-29",0
"2002-09-30",0
"2002-10-01",2.58993071317673
"2002-10-02",5.17986142635345
"2002-10-03",0
"2002-10-04",0
"2002-10-05",0
"2002-10-06",0
"2002-10-07",0
"2002-10-08",5.27001047134399
"2002-10-09",10.540020942688
"2002-10-10",12.0457391738892
"2002-10-11",0
"2002-10-12",5.96619200706482
"2002-10-13",16.3889310359955
"2002-10-14",6.96142423152924
"2002-10-15",0
"2002-10-16",5.5859649181366
"2002-10-17",7.91070175170898
"2002-10-18",0
"2002-10-19",0
"2002-10-20",0
"2002-10-21",0.691844880580902
"2002-10-22",5.66163051128387
"2002-10-23",0
"2002-10-24",2.39959478378296
"2002-10-25",2.61904728412628
"2002-10-26",0
"2002-10-27",1.1114958524704
"2002-10-28",0
"2002-10-29",0
"2002-10-30",0
"2002-10-31",0
"2002-11-01",0
"2002-11-02",0
"2002-11-03",0
"2002-11-04",0
"2002-11-05",0
"2002-11-06",0
"2002-11-07",0
"2002-11-08",0
"2002-11-09",0
"2002-11-10",0.978083908557892
"2002-11-11",12.9829621315002
"2002-11-12",0
"2002-11-13",0
"2002-11-14",0
"2002-11-15",0
"2002-11-16",0
"2002-11-17",0
"2002-11-18",0
"2002-11-19",0
"2002-11-20",0
"2002-11-21",0
"2002-11-22",0
"2002-11-23",10.5335087776184
"2002-11-24",0
"2002-11-25",0
"2002-11-26",0
"2002-11-27",0
"2002-11-28",0
"2002-11-29",0
"2002-11-30",0
"2002-12-01",0
"2002-12-02",0
"2002-12-03",0
"2002-12-04",0
"2002-12-05",0
"2002-12-06",0
"2002-12-07",0
"2002-12-08",0
"2002-12-09",0
"2002-12-10",0
"2002-12-11",0
"2002-12-12",0
"2002-12-13",0
"2002-12-14",0
"2002-12-15",0
"2002-12-16",0
"2002-12-17",0
"2002-12-18",0
"2002-12-19",0
"2002-12-20",0
"2002-12-21",0
"2002-12-22",0
"2002-12-23",0
"2002-12-24",0
"2002-12-25",0
"2002-12-26",0
"2002-12-27",0
"2002-12-28",0
"2002-12-29",0
"2002-12-30",0
"2002-12-31",0
"2003-01-01",0
"2003-01-02",0
"2003-01-03",0
"2003-01-04",0
"2003-01-05",0
"2003-01-06",0
"2003-01-07",0
"2003-01-08",0
"2003-01-09",0
"2003-01-10",0
"2003-01-11",0
"2003-01-12",0
"2003-01-13",0
"2003-01-14",0
"2003-01-15",2.69710314273834
"2003-01-16",3.18426090478897
"2003-01-17",0
"2003-01-18",0
"2003-01-19",0
"2003-01-20",0
"2003-01-21",0
"2003-01-22",0
"2003-01-23",0
"2003-01-24",0
"2003-01-25",0
"2003-01-26",0
"2003-01-27",0
"2003-01-28",0
"2003-01-29",0
"2003-01-30",0
"2003-01-31",0
"2003-02-01",0
"2003-02-02",0
"2003-02-03",0
"2003-02-04",0
"2003-02-05",0
"2003-02-06",0
"2003-02-07",0
"2003-02-08",0
"2003-02-09",0
"2003-02-10",0
"2003-02-11",0
"2003-02-12",0
"2003-02-13",0
"2003-02-14",0
"2003-02-15",0.871416807174683
"2003-02-16",0
"2003-02-17",0
"2003-02-18",4.06619983911514
"2003-02-19",0
"2003-02-20",0
"2003-02-21",0
"2003-02-22",0
"2003-02-23",0
"2003-02-24",0
"2003-02-25",4.67743384838104
"2003-02-26",0
"2003-02-27",0
"2003-02-28",0
"2003-03-01",0
"2003-03-02",0
"2003-03-03",0
"2003-03-04",0
"2003-03-05",0
"2003-03-06",0
"2003-03-07",0
"2003-03-08",0
"2003-03-09",0
"2003-03-10",0
"2003-03-11",0
"2003-03-12",2.68030440807343
"2003-03-13",0
"2003-03-14",0
"2003-03-15",0.550528526306152
"2003-03-16",7.98587954044342
"2003-03-17",0
"2003-03-18",0
"2003-03-19",0
"2003-03-20",0
"2003-03-21",0
"2003-03-22",0
"2003-03-23",0
"2003-03-24",0
"2003-03-25",0
"2003-03-26",0
"2003-03-27",0
"2003-03-28",0
"2003-03-29",0
"2003-03-30",0
"2003-03-31",0
"2003-04-01",0
"2003-04-02",0
"2003-04-03",3.45979821681976
"2003-04-04",0
"2003-04-05",3.45979821681976
"2003-04-06",0
"2003-04-07",4.75369614362717
"2003-04-08",0
"2003-04-09",0.932074278593063
"2003-04-10",0
"2003-04-11",0
"2003-04-12",0
"2003-04-13",0
"2003-04-14",0
"2003-04-15",0
"2003-04-16",0
"2003-04-17",0
"2003-04-18",0
"2003-04-19",0
"2003-04-20",1.36968553066254
"2003-04-21",0
"2003-04-22",0
"2003-04-23",0.41195422410965
"2003-04-24",0
"2003-04-25",0
"2003-04-26",0
"2003-04-27",0
"2003-04-28",0
"2003-04-29",0
"2003-04-30",0
"2003-05-01",0
"2003-05-02",0
"2003-05-03",0
"2003-05-04",0
"2003-05-05",0
"2003-05-06",0
"2003-05-07",0
"2003-05-08",0
"2003-05-09",0
"2003-05-10",0
"2003-05-11",0
"2003-05-12",1.10690236091614
"2003-05-13",3.80328112840652
"2003-05-14",5.53451204299927
"2003-05-15",3.35907661914825
"2003-05-16",0
"2003-05-17",0
"2003-05-18",0
"2003-05-19",0
"2003-05-20",0
"2003-05-21",0
"2003-05-22",0
"2003-05-23",0
"2003-05-24",0
"2003-05-25",0
"2003-05-26",0
"2003-05-27",0
"2003-05-28",0
"2003-05-29",0
"2003-05-30",5.68071007728577
"2003-05-31",0
"2003-06-01",2.0322730243206
"2003-06-02",0
"2003-06-03",0
"2003-06-04",0.825629562139511
"2003-06-05",2.0322730243206
"2003-06-06",0
"2003-06-07",0
"2003-06-08",0
"2003-06-09",0
"2003-06-10",0
"2003-06-11",0
"2003-06-12",5.86793184280396
"2003-06-13",1.21077919006348
"2003-06-14",11.7358636856079
"2003-06-15",0
"2003-06-16",0
"2003-06-17",12.4659945964813
"2003-06-18",11.0783941745758
"2003-06-19",0
"2003-06-20",0
"2003-06-21",2.61132538318634
"2003-06-22",0
"2003-06-23",7.29008316993713
"2003-06-24",14.5801663398743
"2003-06-25",0
"2003-06-26",0
"2003-06-27",6.39763855934143
"2003-06-28",8.6802237033844
"2003-06-29",11.5736315250397
"2003-06-30",7.09159469604492
"2003-07-01",15.4717428684235
"2003-07-02",13.3571190834045
"2003-07-03",27.0219106674194
"2003-07-04",7.73587143421173
"2003-07-05",17.1714150905609
"2003-07-06",9.22831201553345
"2003-07-07",0
"2003-07-08",0
"2003-07-09",24.8064675331116
"2003-07-10",22.5947728157043
"2003-07-11",0
"2003-07-12",4.46862697601318
"2003-07-13",20.1357886791229
"2003-07-14",19.7385585308075
"2003-07-15",6.276491522789
"2003-07-16",0
"2003-07-17",52.4446907043457
"2003-07-18",0
"2003-07-19",0
"2003-07-20",0
"2003-07-21",23.9069981575012
"2003-07-22",15.9379985332489
"2003-07-23",7.96899926662445
"2003-07-24",17.9359564781189
"2003-07-25",9.88941180706024
"2003-07-26",55.4536056518555
"2003-07-27",6.68221569061279
"2003-07-28",0
"2003-07-29",20.6417870521545
"2003-07-30",32.4980473518372
"2003-07-31",27.7268028259277
"2003-08-01",17.9228920936584
"2003-08-02",7.06443345546722
"2003-08-03",4.86423170566559
"2003-08-04",8.58838403224945
"2003-08-05",24.9772415161133
"2003-08-06",15.4502394199371
"2003-08-07",7.72511970996857
"2003-08-08",5.56659519672394
"2003-08-09",13.2917149066925
"2003-08-10",48.3801136016846
"2003-08-11",7.04339504241943
"2003-08-12",11.7931661605835
"2003-08-13",15.4047288894653
"2003-08-14",7.04339504241943
"2003-08-15",7.45041871070862
"2003-08-16",0
"2003-08-17",0
"2003-08-18",0
"2003-08-19",14.9157028198242
"2003-08-20",25.2456269264221
"2003-08-21",21.881564617157
"2003-08-22",38.0612001419067
"2003-08-23",14.5877101421356
"2003-08-24",0
"2003-08-25",7.29385507106781
"2003-08-26",12.4959480762482
"2003-08-27",30.4171032905579
"2003-08-28",21.6342673301697
"2003-08-29",0
"2003-08-30",0
"2003-08-31",3.71311318874359
"2003-09-01",7.49703502655029
"2003-09-02",3.74851751327515
"2003-09-03",0
"2003-09-04",0
"2003-09-05",20.5419306755066
"2003-09-06",22.5500478744507
"2003-09-07",0
"2003-09-08",0
"2003-09-09",0
"2003-09-10",0
"2003-09-11",0
"2003-09-12",1.97662371397018
"2003-09-13",16.4576697349548
"2003-09-14",0.95165604352951
"2003-09-15",5.14423424005508
"2003-09-16",1.08381390571594
"2003-09-17",5.618767619133
"2003-09-18",5.618767619133
"2003-09-19",11.237535238266
"2003-09-20",5.618767619133
"2003-09-21",7.64649093151093
"2003-09-22",7.64649093151093
"2003-09-23",0
"2003-09-24",7.64649093151093
"2003-09-25",18.6792993545532
"2003-09-26",10.9275331497192
"2003-09-27",7.42071807384491
"2003-09-28",7.42071807384491
"2003-09-29",7.42071807384491
"2003-09-30",7.42071807384491
"2003-10-01",7.39475345611572
"2003-10-02",14.7895069122314
"2003-10-03",11.1858422756195
"2003-10-04",7.39475345611572
"2003-10-05",31.21604347229
"2003-10-06",43.5781192779541
"2003-10-07",12.9923057556152
"2003-10-08",0
"2003-10-09",41.8533821105957
"2003-10-10",0
"2003-10-11",0
"2003-10-12",0
"2003-10-13",0
"2003-10-14",0
"2003-10-15",0
"2003-10-16",4.5218311548233
"2003-10-17",0
"2003-10-18",11.3046669960022
"2003-10-19",10.1976702213287
"2003-10-20",0
"2003-10-21",39.3678092956543
"2003-10-22",7.12392926216125
"2003-10-23",0
"2003-10-24",3.66477346420288
"2003-10-25",0
"2003-10-26",0
"2003-10-27",0
"2003-10-28",17.5710163116455
"2003-10-29",0
"2003-10-30",0
"2003-10-31",0
"2003-11-01",2.96022647619247
"2003-11-02",7.34136188030243
"2003-11-03",0
"2003-11-04",0
"2003-11-05",0
"2003-11-06",0
"2003-11-07",0
"2003-11-08",0
"2003-11-09",0
"2003-11-10",3.41112804412842
"2003-11-11",0
"2003-11-12",0
"2003-11-13",0
"2003-11-14",0
"2003-11-15",0
"2003-11-16",0
"2003-11-17",0
"2003-11-18",0
"2003-11-19",0
"2003-11-20",0
"2003-11-21",0
"2003-11-22",0
"2003-11-23",0
"2003-11-24",0
"2003-11-25",0
"2003-11-26",0
"2003-11-27",0
"2003-11-28",0
"2003-11-29",0
"2003-11-30",0
"2003-12-01",0
"2003-12-02",0
"2003-12-03",0
"2003-12-04",0
"2003-12-05",0
"2003-12-06",0
"2003-12-07",0
"2003-12-08",0
"2003-12-09",0
"2003-12-10",0
"2003-12-11",0
"2003-12-12",0
"2003-12-13",0
"2003-12-14",0.704303473234177
"2003-12-15",1.49758517742157
"2003-12-16",1.46759831905365
"2003-12-17",0
"2003-12-18",0
"2003-12-19",0
"2003-12-20",0
"2003-12-21",0
"2003-12-22",0
"2003-12-23",0
"2003-12-24",0
"2003-12-25",0
"2003-12-26",0
"2003-12-27",0
"2003-12-28",0
"2003-12-29",0
"2003-12-30",0
"2003-12-31",0
